dataset,strategy,seed,n,coverage,coverage_deficit,mean_set_size,normalized_mean_set_size,p90_set_size,empty_rate,singleton_action_rate,no_decision_rate,action_accuracy,wrong_action_rate_all,top1_accuracy,valid_calibrator_rate
MNIST,global_seed,0,3000,0.8783333333333333,0.021666666666666723,0.888,0.148,1.0,0.112,0.888,0.11199999999999999,0.9891141141141141,0.009666666666666667,0.9643333333333334,1.0
MNIST,global_seed,1,3000,0.9126666666666666,0.0,0.9266666666666666,0.15444444444444447,1.0,0.07333333333333333,0.9266666666666666,0.07333333333333336,0.9848920863309353,0.014,0.9623333333333334,1.0
MNIST,global_seed,2,3000,0.896,0.0040000000000000036,0.9066666666666666,0.1511111111111111,1.0,0.09333333333333334,0.9066666666666666,0.09333333333333338,0.9882352941176471,0.010666666666666666,0.9563333333333334,1.0
MNIST,global_seed,3,3000,0.9206666666666666,0.0,0.9293333333333333,0.15488888888888888,1.0,0.07066666666666667,0.9293333333333333,0.07066666666666666,0.990674318507891,0.008666666666666666,0.969,1.0
MNIST,global_seed,4,3000,0.873,0.027000000000000024,0.882,0.147,1.0,0.118,0.882,0.118,0.9897959183673469,0.009,0.9643333333333334,1.0
MNIST,stale_t0_seed,0,3000,0.7473333333333333,0.15266666666666673,0.7526666666666667,0.12544444444444447,1.0,0.24733333333333332,0.7526666666666667,0.2473333333333333,0.9929140832595217,0.005333333333333333,0.9643333333333334,1.0
MNIST,stale_t0_seed,1,3000,0.8253333333333334,0.07466666666666666,0.832,0.13866666666666666,1.0,0.168,0.832,0.16800000000000004,0.9919871794871795,0.006666666666666667,0.9623333333333334,1.0
MNIST,stale_t0_seed,2,3000,0.928,0.0,0.9466666666666667,0.1577777777777778,1.0,0.05333333333333334,0.9466666666666667,0.053333333333333344,0.9802816901408451,0.018666666666666668,0.9563333333333334,1.0
MNIST,stale_t0_seed,3,3000,0.9206666666666666,0.0,0.9293333333333333,0.15488888888888888,1.0,0.07066666666666667,0.9293333333333333,0.07066666666666666,0.990674318507891,0.008666666666666666,0.969,1.0
MNIST,stale_t0_seed,4,3000,0.6273333333333333,0.2726666666666667,0.63,0.105,1.0,0.37,0.63,0.37,0.9957671957671957,0.0026666666666666666,0.9643333333333334,1.0
MNIST,oracle_task,0,3000,0.8666666666666667,0.033333333333333326,0.877,0.14616666666666667,1.0,0.123,0.877,0.123,0.9882174078297226,0.010333333333333333,0.9643333333333334,1.0
MNIST,oracle_task,1,3000,0.8976666666666666,0.0023333333333334094,0.9106666666666666,0.15177777777777776,1.0,0.08933333333333333,0.9106666666666666,0.08933333333333338,0.9857247437774525,0.013,0.9623333333333334,1.0
MNIST,oracle_task,2,3000,0.897,0.0030000000000000027,0.9093333333333333,0.15155555555555555,1.0,0.09066666666666667,0.9093333333333333,0.09066666666666667,0.9864369501466276,0.012333333333333333,0.9563333333333334,1.0
MNIST,oracle_task,3,3000,0.9203333333333333,0.0,0.9283333333333333,0.15472222222222223,1.0,0.07166666666666667,0.9283333333333333,0.07166666666666666,0.9913824057450629,0.008,0.969,1.0
MNIST,oracle_task,4,3000,0.863,0.03700000000000003,0.8723333333333333,0.1453888888888889,1.0,0.12766666666666668,0.8723333333333333,0.1276666666666667,0.9893007260221628,0.009333333333333334,0.9643333333333334,1.0
MNIST,inferred_bucket,0,3000,0.8666666666666667,0.033333333333333326,0.877,0.14616666666666667,1.0,0.123,0.877,0.123,0.9882174078297226,0.010333333333333333,0.9643333333333334,1.0
MNIST,inferred_bucket,1,3000,0.8976666666666666,0.0023333333333334094,0.9106666666666666,0.15177777777777776,1.0,0.08933333333333333,0.9106666666666666,0.08933333333333338,0.9857247437774525,0.013,0.9623333333333334,1.0
MNIST,inferred_bucket,2,3000,0.897,0.0030000000000000027,0.9093333333333333,0.15155555555555555,1.0,0.09066666666666667,0.9093333333333333,0.09066666666666667,0.9864369501466276,0.012333333333333333,0.9563333333333334,1.0
MNIST,inferred_bucket,3,3000,0.9203333333333333,0.0,0.9283333333333333,0.15472222222222223,1.0,0.07166666666666667,0.9283333333333333,0.07166666666666666,0.9913824057450629,0.008,0.969,1.0
MNIST,inferred_bucket,4,3000,0.863,0.03700000000000003,0.8723333333333333,0.1453888888888889,1.0,0.12766666666666668,0.8723333333333333,0.1276666666666667,0.9893007260221628,0.009333333333333334,0.9643333333333334,1.0
MNIST,oracle_qhat_selected_by_inferred_context,0,3000,0.8666666666666667,0.033333333333333326,0.877,0.14616666666666667,1.0,0.123,0.877,0.123,0.9882174078297226,0.010333333333333333,0.9643333333333334,1.0
MNIST,oracle_qhat_selected_by_inferred_context,1,3000,0.8976666666666666,0.0023333333333334094,0.9106666666666666,0.15177777777777776,1.0,0.08933333333333333,0.9106666666666666,0.08933333333333338,0.9857247437774525,0.013,0.9623333333333334,1.0
MNIST,oracle_qhat_selected_by_inferred_context,2,3000,0.897,0.0030000000000000027,0.9093333333333333,0.15155555555555555,1.0,0.09066666666666667,0.9093333333333333,0.09066666666666667,0.9864369501466276,0.012333333333333333,0.9563333333333334,1.0
MNIST,oracle_qhat_selected_by_inferred_context,3,3000,0.9203333333333333,0.0,0.9283333333333333,0.15472222222222223,1.0,0.07166666666666667,0.9283333333333333,0.07166666666666666,0.9913824057450629,0.008,0.969,1.0
MNIST,oracle_qhat_selected_by_inferred_context,4,3000,0.863,0.03700000000000003,0.8723333333333333,0.1453888888888889,1.0,0.12766666666666668,0.8723333333333333,0.1276666666666667,0.9893007260221628,0.009333333333333334,0.9643333333333334,1.0
FashionMNIST,global_seed,0,3000,0.905,0.0,1.0473333333333332,0.17455555555555555,1.0,0.0036666666666666666,0.9453333333333334,0.05466666666666664,0.9072637517630465,0.08766666666666667,0.8863333333333333,1.0
FashionMNIST,global_seed,1,3000,0.9073333333333333,0.0,1.065,0.1775,1.0,0.0006666666666666666,0.9336666666666666,0.06633333333333336,0.902891824348447,0.09066666666666667,0.879,1.0
FashionMNIST,global_seed,2,3000,0.874,0.026000000000000023,0.9063333333333333,0.15105555555555555,1.0,0.09366666666666666,0.9063333333333333,0.09366666666666668,0.9643251195292387,0.03233333333333333,0.936,1.0
FashionMNIST,global_seed,3,3000,0.918,0.0,1.0113333333333334,0.16855555555555554,1.0,0.007666666666666666,0.9733333333333334,0.026666666666666616,0.9236301369863014,0.07433333333333333,0.9106666666666666,1.0
FashionMNIST,global_seed,4,3000,0.891,0.009000000000000008,0.995,0.16583333333333333,1.0,0.015666666666666666,0.9736666666666667,0.02633333333333332,0.9044847654912701,0.093,0.8916666666666667,1.0
FashionMNIST,stale_t0_seed,0,3000,0.8373333333333334,0.06266666666666665,0.9113333333333333,0.1518888888888889,1.0,0.08866666666666667,0.9113333333333333,0.08866666666666667,0.9188002926115582,0.074,0.8863333333333333,1.0
FashionMNIST,stale_t0_seed,1,3000,0.7086666666666667,0.19133333333333336,0.7423333333333333,0.12372222222222223,1.0,0.25766666666666665,0.7423333333333333,0.2576666666666667,0.954647507858105,0.033666666666666664,0.879,1.0
FashionMNIST,stale_t0_seed,2,3000,0.8813333333333333,0.01866666666666672,0.9166666666666666,0.1527777777777778,1.0,0.08333333333333333,0.9166666666666666,0.08333333333333337,0.9614545454545455,0.035333333333333335,0.936,1.0
FashionMNIST,stale_t0_seed,3,3000,0.7953333333333333,0.10466666666666669,0.8223333333333334,0.13705555555555554,1.0,0.17766666666666667,0.8223333333333334,0.17766666666666664,0.9671665991082287,0.027,0.9106666666666666,1.0
FashionMNIST,stale_t0_seed,4,3000,0.556,0.344,0.5696666666666667,0.09494444444444446,1.0,0.43033333333333335,0.5696666666666667,0.43033333333333335,0.976009362200117,0.013666666666666667,0.8916666666666667,1.0
FashionMNIST,oracle_task,0,3000,0.9046666666666666,0.0,1.0646666666666667,0.17744444444444443,1.0,0.012666666666666666,0.914,0.08599999999999997,0.9179431072210066,0.075,0.8863333333333333,1.0
FashionMNIST,oracle_task,1,3000,0.916,0.0,1.102,0.18366666666666667,2.0,0.012333333333333333,0.8773333333333333,0.1226666666666667,0.9251519756838906,0.06566666666666666,0.879,1.0
FashionMNIST,oracle_task,2,3000,0.8826666666666667,0.01733333333333331,0.925,0.15416666666666667,1.0,0.076,0.923,0.07699999999999996,0.955218490429758,0.04133333333333333,0.936,1.0
FashionMNIST,oracle_task,3,3000,0.9116666666666666,0.0,1.026,0.171,1.0,0.037333333333333336,0.8993333333333333,0.10066666666666668,0.9473684210526315,0.04733333333333333,0.9106666666666666,1.0
FashionMNIST,oracle_task,4,3000,0.8853333333333333,0.014666666666666717,1.017,0.1695,1.0,0.05366666666666667,0.8776666666666667,0.1223333333333333,0.9335358906190657,0.058333333333333334,0.8916666666666667,1.0
FashionMNIST,inferred_bucket,0,3000,0.903,0.0,1.054,0.17566666666666667,1.0,0.008,0.93,0.06999999999999995,0.9111111111111111,0.08266666666666667,0.8863333333333333,1.0
FashionMNIST,inferred_bucket,1,3000,0.911,0.0,1.0896666666666666,0.18161111111111108,1.0,0.007666666666666666,0.895,0.10499999999999998,0.9124767225325885,0.07833333333333334,0.879,1.0
FashionMNIST,inferred_bucket,2,3000,0.8826666666666667,0.01733333333333331,0.925,0.15416666666666667,1.0,0.076,0.923,0.07699999999999996,0.955218490429758,0.04133333333333333,0.936,1.0
FashionMNIST,inferred_bucket,3,3000,0.9116666666666666,0.0,1.026,0.171,1.0,0.037333333333333336,0.8993333333333333,0.10066666666666668,0.9473684210526315,0.04733333333333333,0.9106666666666666,1.0
FashionMNIST,inferred_bucket,4,3000,0.8853333333333333,0.014666666666666717,1.017,0.1695,1.0,0.05366666666666667,0.8776666666666667,0.1223333333333333,0.9335358906190657,0.058333333333333334,0.8916666666666667,1.0
FashionMNIST,oracle_qhat_selected_by_inferred_context,0,3000,0.884,0.016000000000000014,1.0086666666666666,0.16811111111111113,1.0,0.018333333333333333,0.9546666666666667,0.04533333333333334,0.9022346368715084,0.09333333333333334,0.8863333333333333,1.0
FashionMNIST,oracle_qhat_selected_by_inferred_context,1,3000,0.8776666666666667,0.022333333333333316,1.0146666666666666,0.16911111111111113,1.0,0.024666666666666667,0.936,0.06399999999999995,0.896011396011396,0.09733333333333333,0.879,1.0
FashionMNIST,oracle_qhat_selected_by_inferred_context,2,3000,0.8826666666666667,0.01733333333333331,0.925,0.15416666666666667,1.0,0.076,0.923,0.07699999999999996,0.955218490429758,0.04133333333333333,0.936,1.0
FashionMNIST,oracle_qhat_selected_by_inferred_context,3,3000,0.9116666666666666,0.0,1.026,0.171,1.0,0.037333333333333336,0.8993333333333333,0.10066666666666668,0.9473684210526315,0.04733333333333333,0.9106666666666666,1.0
FashionMNIST,oracle_qhat_selected_by_inferred_context,4,3000,0.8853333333333333,0.014666666666666717,1.017,0.1695,1.0,0.05366666666666667,0.8776666666666667,0.1223333333333333,0.9335358906190657,0.058333333333333334,0.8916666666666667,1.0
PermutedMNIST,global_seed,0,3000,0.9083333333333333,0.0,0.9226666666666666,0.1537777777777778,1.0,0.07733333333333334,0.9226666666666666,0.07733333333333337,0.9844653179190751,0.014333333333333333,0.9636666666666667,1.0
PermutedMNIST,global_seed,1,3000,0.903,0.0,0.9226666666666666,0.1537777777777778,1.0,0.07733333333333334,0.9226666666666666,0.07733333333333337,0.9786849710982659,0.019666666666666666,0.96,1.0
PermutedMNIST,global_seed,2,3000,0.895,0.0050000000000000044,0.9053333333333333,0.1508888888888889,1.0,0.09466666666666666,0.9053333333333333,0.09466666666666668,0.9885861561119293,0.010333333333333333,0.977,1.0
PermutedMNIST,global_seed,3,3000,0.9013333333333333,0.0,0.9093333333333333,0.15155555555555555,1.0,0.09066666666666667,0.9093333333333333,0.09066666666666667,0.9912023460410557,0.008,0.9773333333333334,1.0
PermutedMNIST,global_seed,4,3000,0.9043333333333333,0.0,0.911,0.15183333333333332,1.0,0.089,0.911,0.08899999999999997,0.9926820343944384,0.006666666666666667,0.9753333333333334,1.0
PermutedMNIST,stale_t0_seed,0,3000,0.8503333333333334,0.04966666666666664,0.8583333333333333,0.14305555555555557,1.0,0.14166666666666666,0.8583333333333333,0.14166666666666672,0.9906796116504855,0.008,0.9636666666666667,1.0
PermutedMNIST,stale_t0_seed,1,3000,0.827,0.07300000000000006,0.8383333333333334,0.13972222222222222,1.0,0.16166666666666665,0.8383333333333334,0.16166666666666663,0.9864811133200795,0.011333333333333334,0.96,1.0
PermutedMNIST,stale_t0_seed,2,3000,0.8943333333333333,0.005666666666666709,0.9046666666666666,0.1507777777777778,1.0,0.09533333333333334,0.9046666666666666,0.09533333333333338,0.9885777450257922,0.010333333333333333,0.977,1.0
PermutedMNIST,stale_t0_seed,3,3000,0.8543333333333333,0.045666666666666744,0.86,0.14333333333333334,1.0,0.14,0.86,0.14,0.9934108527131783,0.005666666666666667,0.9773333333333334,1.0
PermutedMNIST,stale_t0_seed,4,3000,0.714,0.18600000000000005,0.7163333333333334,0.11938888888888888,1.0,0.2836666666666667,0.7163333333333334,0.2836666666666666,0.996742671009772,0.0023333333333333335,0.9753333333333334,1.0
PermutedMNIST,oracle_task,0,3000,0.9066666666666666,0.0,0.925,0.15416666666666667,1.0,0.075,0.925,0.07499999999999996,0.9801801801801802,0.018333333333333333,0.9636666666666667,1.0
PermutedMNIST,oracle_task,1,3000,0.905,0.0,0.9343333333333333,0.15572222222222223,1.0,0.06866666666666667,0.9283333333333333,0.07166666666666666,0.9716337522441651,0.026333333333333334,0.96,1.0
PermutedMNIST,oracle_task,2,3000,0.896,0.0040000000000000036,0.9066666666666666,0.1511111111111111,1.0,0.09333333333333334,0.9066666666666666,0.09333333333333338,0.9882352941176471,0.010666666666666666,0.977,1.0
PermutedMNIST,oracle_task,3,3000,0.8976666666666666,0.0023333333333334094,0.906,0.151,1.0,0.094,0.906,0.09399999999999997,0.9908020603384842,0.008333333333333333,0.9773333333333334,1.0
PermutedMNIST,oracle_task,4,3000,0.909,0.0,0.9183333333333333,0.15305555555555556,1.0,0.08166666666666667,0.9183333333333333,0.08166666666666667,0.9898366606170599,0.009333333333333334,0.9753333333333334,1.0
PermutedMNIST,inferred_bucket,0,3000,0.9066666666666666,0.0,0.925,0.15416666666666667,1.0,0.075,0.925,0.07499999999999996,0.9801801801801802,0.018333333333333333,0.9636666666666667,1.0
PermutedMNIST,inferred_bucket,1,3000,0.905,0.0,0.9343333333333333,0.15572222222222223,1.0,0.06866666666666667,0.9283333333333333,0.07166666666666666,0.9716337522441651,0.026333333333333334,0.96,1.0
PermutedMNIST,inferred_bucket,2,3000,0.896,0.0040000000000000036,0.9066666666666666,0.1511111111111111,1.0,0.09333333333333334,0.9066666666666666,0.09333333333333338,0.9882352941176471,0.010666666666666666,0.977,1.0
PermutedMNIST,inferred_bucket,3,3000,0.8976666666666666,0.0023333333333334094,0.906,0.151,1.0,0.094,0.906,0.09399999999999997,0.9908020603384842,0.008333333333333333,0.9773333333333334,1.0
PermutedMNIST,inferred_bucket,4,3000,0.909,0.0,0.9183333333333333,0.15305555555555556,1.0,0.08166666666666667,0.9183333333333333,0.08166666666666667,0.9898366606170599,0.009333333333333334,0.9753333333333334,1.0
PermutedMNIST,oracle_qhat_selected_by_inferred_context,0,3000,0.9066666666666666,0.0,0.925,0.15416666666666667,1.0,0.075,0.925,0.07499999999999996,0.9801801801801802,0.018333333333333333,0.9636666666666667,1.0
PermutedMNIST,oracle_qhat_selected_by_inferred_context,1,3000,0.905,0.0,0.9343333333333333,0.15572222222222223,1.0,0.06866666666666667,0.9283333333333333,0.07166666666666666,0.9716337522441651,0.026333333333333334,0.96,1.0
PermutedMNIST,oracle_qhat_selected_by_inferred_context,2,3000,0.896,0.0040000000000000036,0.9066666666666666,0.1511111111111111,1.0,0.09333333333333334,0.9066666666666666,0.09333333333333338,0.9882352941176471,0.010666666666666666,0.977,1.0
PermutedMNIST,oracle_qhat_selected_by_inferred_context,3,3000,0.8976666666666666,0.0023333333333334094,0.906,0.151,1.0,0.094,0.906,0.09399999999999997,0.9908020603384842,0.008333333333333333,0.9773333333333334,1.0
PermutedMNIST,oracle_qhat_selected_by_inferred_context,4,3000,0.909,0.0,0.9183333333333333,0.15305555555555556,1.0,0.08166666666666667,0.9183333333333333,0.08166666666666667,0.9898366606170599,0.009333333333333334,0.9753333333333334,1.0
RotatedMNIST,global_seed,0,3000,0.8823333333333333,0.01766666666666672,0.8926666666666667,0.1487777777777778,1.0,0.10733333333333334,0.8926666666666667,0.10733333333333328,0.9884241971620612,0.010333333333333333,0.9666666666666667,1.0
RotatedMNIST,global_seed,1,3000,0.917,0.0,0.9296666666666666,0.15494444444444447,1.0,0.07033333333333333,0.9296666666666666,0.07033333333333336,0.9863750448189316,0.012666666666666666,0.9646666666666667,1.0
RotatedMNIST,global_seed,2,3000,0.902,0.0,0.9126666666666666,0.1521111111111111,1.0,0.08733333333333333,0.9126666666666666,0.08733333333333337,0.9883126369612856,0.010666666666666666,0.9696666666666667,1.0
RotatedMNIST,global_seed,3,3000,0.9006666666666666,0.0,0.9116666666666666,0.15194444444444447,1.0,0.08833333333333333,0.9116666666666666,0.08833333333333337,0.9879341864716636,0.011,0.9686666666666667,1.0
RotatedMNIST,global_seed,4,3000,0.8883333333333333,0.011666666666666714,0.8956666666666667,0.1492777777777778,1.0,0.10433333333333333,0.8956666666666667,0.10433333333333328,0.9918124302195758,0.007333333333333333,0.97,1.0
RotatedMNIST,stale_t0_seed,0,3000,0.8533333333333334,0.046666666666666634,0.8623333333333333,0.14372222222222222,1.0,0.13766666666666666,0.8623333333333333,0.13766666666666671,0.989563200618477,0.009,0.9666666666666667,1.0
RotatedMNIST,stale_t0_seed,1,3000,0.9373333333333334,0.0,0.9533333333333334,0.15888888888888889,1.0,0.04666666666666667,0.9533333333333334,0.046666666666666634,0.9832167832167832,0.016,0.9646666666666667,1.0
RotatedMNIST,stale_t0_seed,2,3000,0.9443333333333334,0.0,0.9616666666666667,0.1602777777777778,1.0,0.03833333333333333,0.9616666666666667,0.03833333333333333,0.9819757365684575,0.017333333333333333,0.9696666666666667,1.0
RotatedMNIST,stale_t0_seed,3,3000,0.8836666666666667,0.01633333333333331,0.892,0.14866666666666667,1.0,0.108,0.892,0.10799999999999998,0.9906576980568012,0.008333333333333333,0.9686666666666667,1.0
RotatedMNIST,stale_t0_seed,4,3000,0.7833333333333333,0.1166666666666667,0.786,0.131,1.0,0.214,0.786,0.21399999999999997,0.996607294317218,0.0026666666666666666,0.97,1.0
RotatedMNIST,oracle_task,0,3000,0.892,0.008000000000000007,0.9046666666666666,0.1507777777777778,1.0,0.09533333333333334,0.9046666666666666,0.09533333333333338,0.9859985261606485,0.012666666666666666,0.9666666666666667,1.0
RotatedMNIST,oracle_task,1,3000,0.918,0.0,0.932,0.15533333333333332,1.0,0.068,0.932,0.06799999999999995,0.9849785407725322,0.014,0.9646666666666667,1.0
RotatedMNIST,oracle_task,2,3000,0.9013333333333333,0.0,0.913,0.15216666666666667,1.0,0.087,0.913,0.08699999999999997,0.9872216137276378,0.011666666666666667,0.9696666666666667,1.0
RotatedMNIST,oracle_task,3,3000,0.9073333333333333,0.0,0.9196666666666666,0.1532777777777778,1.0,0.08033333333333334,0.9196666666666666,0.08033333333333337,0.9865893439652048,0.012333333333333333,0.9686666666666667,1.0
RotatedMNIST,oracle_task,4,3000,0.885,0.015000000000000013,0.8966666666666666,0.14944444444444444,1.0,0.10333333333333333,0.8966666666666666,0.10333333333333339,0.9869888475836431,0.011666666666666667,0.97,1.0
RotatedMNIST,inferred_bucket,0,3000,0.892,0.008000000000000007,0.9046666666666666,0.1507777777777778,1.0,0.09533333333333334,0.9046666666666666,0.09533333333333338,0.9859985261606485,0.012666666666666666,0.9666666666666667,1.0
RotatedMNIST,inferred_bucket,1,3000,0.918,0.0,0.932,0.15533333333333332,1.0,0.068,0.932,0.06799999999999995,0.9849785407725322,0.014,0.9646666666666667,1.0
RotatedMNIST,inferred_bucket,2,3000,0.9013333333333333,0.0,0.913,0.15216666666666667,1.0,0.087,0.913,0.08699999999999997,0.9872216137276378,0.011666666666666667,0.9696666666666667,1.0
RotatedMNIST,inferred_bucket,3,3000,0.9073333333333333,0.0,0.9196666666666666,0.1532777777777778,1.0,0.08033333333333334,0.9196666666666666,0.08033333333333337,0.9865893439652048,0.012333333333333333,0.9686666666666667,1.0
RotatedMNIST,inferred_bucket,4,3000,0.885,0.015000000000000013,0.8966666666666666,0.14944444444444444,1.0,0.10333333333333333,0.8966666666666666,0.10333333333333339,0.9869888475836431,0.011666666666666667,0.97,1.0
RotatedMNIST,oracle_qhat_selected_by_inferred_context,0,3000,0.892,0.008000000000000007,0.9046666666666666,0.1507777777777778,1.0,0.09533333333333334,0.9046666666666666,0.09533333333333338,0.9859985261606485,0.012666666666666666,0.9666666666666667,1.0
RotatedMNIST,oracle_qhat_selected_by_inferred_context,1,3000,0.918,0.0,0.932,0.15533333333333332,1.0,0.068,0.932,0.06799999999999995,0.9849785407725322,0.014,0.9646666666666667,1.0
RotatedMNIST,oracle_qhat_selected_by_inferred_context,2,3000,0.9013333333333333,0.0,0.913,0.15216666666666667,1.0,0.087,0.913,0.08699999999999997,0.9872216137276378,0.011666666666666667,0.9696666666666667,1.0
RotatedMNIST,oracle_qhat_selected_by_inferred_context,3,3000,0.9073333333333333,0.0,0.9196666666666666,0.1532777777777778,1.0,0.08033333333333334,0.9196666666666666,0.08033333333333337,0.9865893439652048,0.012333333333333333,0.9686666666666667,1.0
RotatedMNIST,oracle_qhat_selected_by_inferred_context,4,3000,0.885,0.015000000000000013,0.8966666666666666,0.14944444444444444,1.0,0.10333333333333333,0.8966666666666666,0.10333333333333339,0.9869888475836431,0.011666666666666667,0.97,1.0
SplitCIFAR10,global_seed,0,3000,0.8946666666666667,0.005333333333333301,0.964,0.09639999999999997,1.0,0.036,0.964,0.03600000000000003,0.9280774550484094,0.06933333333333333,0.9136666666666666,1.0
SplitCIFAR10,global_seed,1,3000,0.9173333333333333,0.0,1.0023333333333333,0.10023333333333333,1.0,0.004,0.9896666666666667,0.010333333333333306,0.920511956887841,0.07866666666666666,0.9163333333333333,1.0
SplitCIFAR10,global_seed,2,3000,0.916,0.0,1.0163333333333333,0.10163333333333333,1.0,0.013,0.9576666666666667,0.042333333333333334,0.9265576052906369,0.07033333333333333,0.909,1.0
SplitCIFAR10,global_seed,3,3000,0.8933333333333333,0.00666666666666671,0.9546666666666667,0.09546666666666666,1.0,0.04533333333333334,0.9546666666666667,0.04533333333333334,0.9357541899441341,0.06133333333333333,0.9193333333333333,1.0
SplitCIFAR10,global_seed,4,3000,0.8926666666666667,0.007333333333333303,0.96,0.096,1.0,0.041,0.958,0.04200000000000004,0.9307585247042449,0.06633333333333333,0.9143333333333333,1.0
SplitCIFAR10,stale_t0_seed,0,3000,0.8573333333333333,0.04266666666666674,0.9046666666666666,0.09046666666666665,1.0,0.09533333333333334,0.9046666666666666,0.09533333333333338,0.9476787030213707,0.04733333333333333,0.9136666666666666,1.0
SplitCIFAR10,stale_t0_seed,1,3000,0.845,0.05500000000000005,0.892,0.08919999999999999,1.0,0.108,0.892,0.10799999999999998,0.9473094170403588,0.047,0.9163333333333333,1.0
SplitCIFAR10,stale_t0_seed,2,3000,0.87,0.030000000000000027,0.9326666666666666,0.09326666666666666,1.0,0.06733333333333333,0.9326666666666666,0.06733333333333336,0.9328091493924232,0.06266666666666666,0.909,1.0
SplitCIFAR10,stale_t0_seed,3,3000,0.792,0.10799999999999998,0.8176666666666667,0.08176666666666665,1.0,0.18233333333333332,0.8176666666666667,0.18233333333333335,0.968609865470852,0.025666666666666667,0.9193333333333333,1.0
SplitCIFAR10,stale_t0_seed,4,3000,0.799,0.10099999999999998,0.828,0.0828,1.0,0.172,0.828,0.17200000000000004,0.964975845410628,0.029,0.9143333333333333,1.0
SplitCIFAR10,oracle_task,0,3000,0.9003333333333333,0.0,0.9876666666666667,0.09876666666666666,1.0,0.041666666666666664,0.9316666666666666,0.06833333333333336,0.9391771019677997,0.056666666666666664,0.9136666666666666,1.0
SplitCIFAR10,oracle_task,1,3000,0.912,0.0,1.0196666666666667,0.10196666666666666,1.0,0.04033333333333333,0.9023333333333333,0.09766666666666668,0.9479128186183967,0.047,0.9163333333333333,1.0
SplitCIFAR10,oracle_task,2,3000,0.9173333333333333,0.0,1.0403333333333333,0.10403333333333334,1.0,0.021333333333333333,0.9176666666666666,0.08233333333333337,0.9375227025063567,0.05733333333333333,0.909,1.0
SplitCIFAR10,oracle_task,3,3000,0.8983333333333333,0.0016666666666667052,0.9843333333333333,0.09843333333333333,1.0,0.05,0.9176666666666666,0.08233333333333337,0.9451507446422085,0.050333333333333334,0.9193333333333333,1.0
SplitCIFAR10,oracle_task,4,3000,0.8946666666666667,0.005333333333333301,0.9733333333333334,0.09733333333333331,1.0,0.037333333333333336,0.952,0.04800000000000004,0.930672268907563,0.066,0.9143333333333333,1.0
SplitCIFAR10,inferred_bucket,0,3000,0.9003333333333333,0.0,0.9876666666666667,0.09876666666666666,1.0,0.041666666666666664,0.9316666666666666,0.06833333333333336,0.9391771019677997,0.056666666666666664,0.9136666666666666,1.0
SplitCIFAR10,inferred_bucket,1,3000,0.912,0.0,1.0196666666666667,0.10196666666666666,1.0,0.04033333333333333,0.9023333333333333,0.09766666666666668,0.9479128186183967,0.047,0.9163333333333333,1.0
SplitCIFAR10,inferred_bucket,2,3000,0.9173333333333333,0.0,1.0403333333333333,0.10403333333333334,1.0,0.021333333333333333,0.9176666666666666,0.08233333333333337,0.9375227025063567,0.05733333333333333,0.909,1.0
SplitCIFAR10,inferred_bucket,3,3000,0.8983333333333333,0.0016666666666667052,0.9843333333333333,0.09843333333333333,1.0,0.05,0.9176666666666666,0.08233333333333337,0.9451507446422085,0.050333333333333334,0.9193333333333333,1.0
SplitCIFAR10,inferred_bucket,4,3000,0.8946666666666667,0.005333333333333301,0.9733333333333334,0.09733333333333331,1.0,0.037333333333333336,0.952,0.04800000000000004,0.930672268907563,0.066,0.9143333333333333,1.0
SplitCIFAR10,oracle_qhat_selected_by_inferred_context,0,3000,0.9003333333333333,0.0,0.9876666666666667,0.09876666666666666,1.0,0.041666666666666664,0.9316666666666666,0.06833333333333336,0.9391771019677997,0.056666666666666664,0.9136666666666666,1.0
SplitCIFAR10,oracle_qhat_selected_by_inferred_context,1,3000,0.912,0.0,1.0196666666666667,0.10196666666666666,1.0,0.04033333333333333,0.9023333333333333,0.09766666666666668,0.9479128186183967,0.047,0.9163333333333333,1.0
SplitCIFAR10,oracle_qhat_selected_by_inferred_context,2,3000,0.9173333333333333,0.0,1.0403333333333333,0.10403333333333334,1.0,0.021333333333333333,0.9176666666666666,0.08233333333333337,0.9375227025063567,0.05733333333333333,0.909,1.0
SplitCIFAR10,oracle_qhat_selected_by_inferred_context,3,3000,0.8983333333333333,0.0016666666666667052,0.9843333333333333,0.09843333333333333,1.0,0.05,0.9176666666666666,0.08233333333333337,0.9451507446422085,0.050333333333333334,0.9193333333333333,1.0
SplitCIFAR10,oracle_qhat_selected_by_inferred_context,4,3000,0.8946666666666667,0.005333333333333301,0.9733333333333334,0.09733333333333331,1.0,0.037333333333333336,0.952,0.04800000000000004,0.930672268907563,0.066,0.9143333333333333,1.0
SplitCIFAR100,global_seed,0,7500,0.904,0.0,6.507333333333333,0.06507333333333333,11.0,0.0,0.0704,0.9296,0.9753787878787878,0.0017333333333333333,0.5614666666666667,1.0
SplitCIFAR100,global_seed,1,7500,0.8989333333333334,0.0010666666666666602,11.988266666666666,0.11988266666666667,20.0,0.0,0.021733333333333334,0.9782666666666666,0.9815950920245399,0.0004,0.45,1.0
SplitCIFAR100,global_seed,2,7500,0.9144,0.0,4.986666666666666,0.04986666666666668,9.0,0.0,0.104,0.896,0.9756410256410256,0.002533333333333333,0.6261333333333333,1.0
SplitCIFAR100,global_seed,3,7500,0.9052,0.0,8.975733333333332,0.08975733333333334,16.0,0.0,0.0468,0.9532,0.9857549857549858,0.0006666666666666666,0.5282666666666667,1.0
SplitCIFAR100,global_seed,4,7500,0.8974666666666666,0.0025333333333333874,7.1748,0.07174800000000002,13.0,0.0,0.05946666666666667,0.9405333333333333,0.9708520179372198,0.0017333333333333333,0.5206666666666667,1.0
SplitCIFAR100,stale_t0_seed,0,7500,0.9333333333333333,0.0,9.126933333333334,0.09126933333333334,16.0,0.0,0.04373333333333333,0.9562666666666667,0.975609756097561,0.0010666666666666667,0.5614666666666667,1.0
SplitCIFAR100,stale_t0_seed,1,7500,0.8888,0.011199999999999988,10.915733333333334,0.10915733333333334,18.0,0.0,0.0268,0.9732,0.9850746268656716,0.0004,0.45,1.0
SplitCIFAR100,stale_t0_seed,2,7500,0.9312,0.0,5.9424,0.05942400000000001,11.0,0.0,0.0812,0.9188000000000001,0.986863711001642,0.0010666666666666667,0.6261333333333333,1.0
SplitCIFAR100,stale_t0_seed,3,7500,0.9641333333333333,0.0,21.195066666666666,0.21195066666666668,38.0,0.0,0.0108,0.9892,1.0,0.0,0.5282666666666667,1.0
SplitCIFAR100,stale_t0_seed,4,7500,0.894,0.006000000000000005,6.8988,0.06898800000000001,12.0,0.0,0.06213333333333333,0.9378666666666666,0.9656652360515021,0.0021333333333333334,0.5206666666666667,1.0
SplitCIFAR100,oracle_task,0,7500,0.9062666666666667,0.0,6.9992,0.069992,15.0,0.0002666666666666667,0.10266666666666667,0.8973333333333333,0.961038961038961,0.004,0.5614666666666667,1.0
SplitCIFAR100,oracle_task,1,7500,0.9024,0.0,12.478,0.12478000000000002,25.0,0.00013333333333333334,0.061066666666666665,0.9389333333333333,0.9650655021834061,0.0021333333333333334,0.45,1.0
SplitCIFAR100,oracle_task,2,7500,0.9166666666666666,0.0,5.2996,0.052996,11.0,0.0002666666666666667,0.14306666666666668,0.8569333333333333,0.9720410065237651,0.004,0.6261333333333333,1.0
SplitCIFAR100,oracle_task,3,7500,0.9048,0.0,9.7308,0.09730799999999999,21.0,0.0,0.06466666666666666,0.9353333333333333,0.979381443298969,0.0013333333333333333,0.5282666666666667,1.0
SplitCIFAR100,oracle_task,4,7500,0.9010666666666667,0.0,8.141333333333334,0.08141333333333334,17.0,0.00013333333333333334,0.10066666666666667,0.8993333333333333,0.9271523178807947,0.007333333333333333,0.5206666666666667,1.0
SplitCIFAR100,inferred_bucket,0,7500,0.9057333333333333,0.0,6.674266666666667,0.06674266666666667,14.0,0.0,0.08973333333333333,0.9102666666666667,0.9643387815750372,0.0032,0.5614666666666667,1.0
SplitCIFAR100,inferred_bucket,1,7500,0.9014666666666666,0.0,12.215866666666667,0.12215866666666668,25.0,0.0,0.0532,0.9468,0.9598997493734336,0.0021333333333333334,0.45,1.0
SplitCIFAR100,inferred_bucket,2,7500,0.9181333333333334,0.0,5.2828,0.05282800000000001,11.0,0.0,0.1304,0.8696,0.9754601226993865,0.0032,0.6261333333333333,1.0
SplitCIFAR100,inferred_bucket,3,7500,0.9061333333333333,0.0,10.063066666666666,0.10063066666666667,22.0,0.0,0.059333333333333335,0.9406666666666667,0.9797752808988764,0.0012,0.5282666666666667,1.0
SplitCIFAR100,inferred_bucket,4,7500,0.9010666666666667,0.0,8.141333333333334,0.08141333333333334,17.0,0.00013333333333333334,0.10066666666666667,0.8993333333333333,0.9271523178807947,0.007333333333333333,0.5206666666666667,1.0
SplitCIFAR100,oracle_qhat_selected_by_inferred_context,0,7500,0.8914666666666666,0.008533333333333393,6.4028,0.064028,14.0,0.0004,0.11066666666666666,0.8893333333333333,0.944578313253012,0.0061333333333333335,0.5614666666666667,1.0
SplitCIFAR100,oracle_qhat_selected_by_inferred_context,1,7500,0.8916,0.008400000000000074,11.973733333333334,0.11973733333333333,24.0,0.0002666666666666667,0.06373333333333334,0.9362666666666667,0.9414225941422594,0.0037333333333333333,0.45,1.0
SplitCIFAR100,oracle_qhat_selected_by_inferred_context,2,7500,0.9093333333333333,0.0,5.1196,0.051196000000000005,11.0,0.0004,0.15173333333333333,0.8482666666666667,0.9595782073813708,0.0061333333333333335,0.6261333333333333,1.0
SplitCIFAR100,oracle_qhat_selected_by_inferred_context,3,7500,0.87,0.030000000000000027,6.8808,0.068808,14.0,0.0,0.07093333333333333,0.9290666666666667,0.9699248120300752,0.0021333333333333334,0.5282666666666667,1.0
SplitCIFAR100,oracle_qhat_selected_by_inferred_context,4,7500,0.9010666666666667,0.0,8.141333333333334,0.08141333333333334,17.0,0.00013333333333333334,0.10066666666666667,0.8993333333333333,0.9271523178807947,0.007333333333333333,0.5206666666666667,1.0
CORe50,global_seed,0,15000,0.9012666666666667,0.0,42.4356,0.848712,50.0,0.0,0.0,1.0,,0.0,0.2836666666666667,1.0
CORe50,global_seed,1,15000,0.9072,0.0,35.3462,0.706924,50.0,0.0,0.0,1.0,,0.0,0.34833333333333333,1.0
CORe50,global_seed,2,15000,0.9030666666666667,0.0,36.9834,0.739668,50.0,0.0,0.0003333333333333333,0.9996666666666667,0.0,0.0003333333333333333,0.35913333333333336,1.0
CORe50,global_seed,3,15000,0.9036666666666666,0.0,39.684,0.79368,50.0,0.0,0.0,1.0,,0.0,0.30633333333333335,1.0
CORe50,global_seed,4,15000,0.8924666666666666,0.007533333333333392,33.28873333333333,0.6657746666666667,49.0,0.0,0.0,1.0,,0.0,0.2864,1.0
CORe50,stale_t0_seed,0,15000,0.9778666666666667,0.0,48.8576,0.977152,50.0,0.0,0.0,1.0,,0.0,0.2836666666666667,1.0
CORe50,stale_t0_seed,1,15000,0.9726666666666667,0.0,45.541266666666665,0.9108253333333334,50.0,0.0,0.0,1.0,,0.0,0.34833333333333333,1.0
CORe50,stale_t0_seed,2,15000,0.9743333333333334,0.0,47.55146666666667,0.9510293333333333,50.0,0.0,0.0,1.0,,0.0,0.35913333333333336,1.0
CORe50,stale_t0_seed,3,15000,0.9710666666666666,0.0,47.010933333333334,0.9402186666666668,50.0,0.0,0.0,1.0,,0.0,0.30633333333333335,1.0
CORe50,stale_t0_seed,4,15000,0.9798666666666667,0.0,46.593066666666665,0.9318613333333333,50.0,0.0,0.0,1.0,,0.0,0.2864,1.0
CORe50,oracle_task,0,15000,0.9038666666666667,0.0,31.3262,0.6265240000000001,50.0,0.0,0.0008666666666666666,0.9991333333333333,0.6923076923076923,0.0002666666666666667,0.2836666666666667,1.0
CORe50,oracle_task,1,15000,0.9044666666666666,0.0,27.6688,0.553376,50.0,0.0,0.0014,0.9986,0.7142857142857143,0.0004,0.34833333333333333,1.0
CORe50,oracle_task,2,15000,0.8948666666666667,0.005133333333333323,25.277266666666666,0.5055453333333334,50.0,0.0,0.002266666666666667,0.9977333333333334,0.08823529411764706,0.0020666666666666667,0.35913333333333336,1.0
CORe50,oracle_task,3,15000,0.9059333333333334,0.0,29.820666666666668,0.5964133333333334,50.0,0.0,0.0018666666666666666,0.9981333333333333,0.8214285714285714,0.0003333333333333333,0.30633333333333335,1.0
CORe50,oracle_task,4,15000,0.8963333333333333,0.003666666666666707,29.273066666666665,0.5854613333333334,50.0,0.0,0.001,0.999,0.8666666666666667,0.00013333333333333334,0.2864,1.0
CORe50,inferred_bucket,0,15000,0.9046,0.0,34.084666666666664,0.6816933333333333,50.0,0.0,0.0,1.0,,0.0,0.2836666666666667,1.0
CORe50,inferred_bucket,1,15000,0.9070666666666667,0.0,29.9602,0.5992040000000001,50.0,0.0,0.0014,0.9986,0.7142857142857143,0.0004,0.34833333333333333,1.0
CORe50,inferred_bucket,2,15000,0.903,0.0,29.7112,0.5942240000000001,50.0,0.0,0.00046666666666666666,0.9995333333333334,0.14285714285714285,0.0004,0.35913333333333336,1.0
CORe50,inferred_bucket,3,15000,0.9001333333333333,0.0,32.370666666666665,0.6474133333333334,50.0,0.0,0.0014666666666666667,0.9985333333333334,0.8636363636363636,0.0002,0.30633333333333335,1.0
CORe50,inferred_bucket,4,15000,0.9022,0.0,32.28633333333333,0.6457266666666668,49.0,0.0,0.0006,0.9994,0.7777777777777778,0.00013333333333333334,0.2864,1.0
CORe50,oracle_qhat_selected_by_inferred_context,0,15000,0.5795333333333333,0.3204666666666667,16.526733333333333,0.3305346666666667,45.0,0.0,0.0012,0.9988,0.5555555555555556,0.0005333333333333334,0.2836666666666667,1.0
CORe50,oracle_qhat_selected_by_inferred_context,1,15000,0.8068,0.09320000000000006,23.8306,0.47661200000000004,50.0,0.0,0.0015333333333333334,0.9984666666666666,0.6521739130434783,0.0005333333333333334,0.34833333333333333,1.0
CORe50,oracle_qhat_selected_by_inferred_context,2,15000,0.775,0.125,20.6462,0.412924,47.0,0.0,0.0038666666666666667,0.9961333333333333,0.06896551724137931,0.0036,0.35913333333333336,1.0
CORe50,oracle_qhat_selected_by_inferred_context,3,15000,0.6622666666666667,0.23773333333333335,17.634333333333334,0.3526866666666667,46.0,0.0,0.003533333333333333,0.9964666666666666,0.5660377358490566,0.0015333333333333334,0.30633333333333335,1.0
CORe50,oracle_qhat_selected_by_inferred_context,4,15000,0.8037333333333333,0.09626666666666672,24.325133333333333,0.48650266666666664,47.0,0.0,0.0011333333333333334,0.9988666666666667,0.8823529411764706,0.00013333333333333334,0.2864,1.0
